Rank,Block_name,Suspiciousness Value(Ochiai)
1,test_undistort_points.cpp_TEST_97,NaN
1,calibration.cpp_projectPoints_3243,0.218217890235992
2,calibration.cpp_cvProjectPoints2_529,0.2
3,calibration.cpp_cvRodrigues2_252,0.160128153805087
3,test_cameracalibration_tilt.cpp_cos_189,0.160128153805087
4,calibration.cpp_convertTo_1408,0.150755672288882
5,calibration.cpp_cvMat_2704,0.145864991497895
6,fundam.cpp_CV_INSTRUMENT_REGION_769,0.133630620956212
7,calibration.cpp_getMat_3261,0.130188910980824
8,circlesgrid.cpp_removeEdge_467,0
8,circlesgrid.cpp_doesIntersectionExist_1561,0
8,circlesgrid.cpp_getCornerSegments_1500,0
8,circlesgrid.cpp_areSegmentsIntersecting_1476,0
8,circlesgrid.cpp_getAsymmetricHoles_1436,0
8,circlesgrid.cpp_eraseUsedGraph_655,0
8,circlesgrid.cpp_rng2gridGraph_629,0
8,circlesgrid.cpp_getNeighbors_535,0
8,circlesgrid.cpp_computeGraphConfidence_1024,0
8,circlesgrid.cpp_addHolesByGraph_1069,0
8,circlesgrid.cpp_findLongestPath_1262,0
8,circlesgrid.cpp_getFirstCorner_1579,0
8,circlesgrid.cpp_computeShortestPath_1250,0
8,circlesgrid.cpp_insertWinner_976,0
8,circlesgrid.cpp_computePredecessorMatrix_1228,0
8,circlesgrid.cpp_computeRNG_1182,0
8,circlesgrid.cpp_findBasis_1104,0
8,circlesgrid.cpp_filterOutliersByDensity_1079,0
8,circlesgrid.cpp_getHoles_1416,0
8,circlesgrid.cpp_findGrid_140,0
8,circlesgrid.cpp_hierarchicalClustering_71,0
8,circlesgrid.cpp_findCandidateHoles_942,0
8,quadsubpix.cpp_Point2f>_173,NaN
8,quadsubpix.cpp_find4QuadCornerSubpix_165,NaN
8,quadsubpix.cpp_segment_hist_max_119,0
8,quadsubpix.cpp_findCorner_96,0
8,quadsubpix.cpp_findLinesCrossPoint_87,0
8,quadsubpix.cpp_orderContours_58,0
8,quadsubpix.cpp_is_smaller_53,NaN
8,test_compose_rt.cpp_run_141,NaN
8,test_compose_rt.cpp_dTv2_108,0
8,test_compose_rt.cpp_dTv1_91,0
8,test_compose_rt.cpp_dRv2_74,0
8,test_compose_rt.cpp_dRv1_57,0
8,test_compose_rt.cpp_ev_54,0
8,calibration.cpp_composeRT_3202,0
8,circlesgrid.cpp_query_418,NaN
8,circlesgrid.cpp_query_417,0
8,circlesgrid.cpp_parsePatternPoints_394,0
8,circlesgrid.cpp_rectifyPatternPoints_358,0
8,circlesgrid.cpp_getSortedCorners_298,0
8,circlesgrid.cpp_findOutsideCorners_222,0
8,circlesgrid.cpp_findCorners_193,0
8,circlesgrid.cpp_areCentersNew_958,0
8,circlesgrid.cpp_findNearestKeypoint_882,0
8,circlesgrid.cpp_findCandidateLine_914,0
8,calibinit.cpp_cvFindCornerSubPix_621,0
8,test_chesscorners.cpp_validateData_328,0
8,test_chesscorners.cpp_calcErrorMinError_313,0
8,test_chesscorners.cpp_run_batch_180,0
8,test_chesscorners.cpp_Fct3_142,NaN
8,test_chesscorners.cpp_calcError_102,0
8,calibinit.cpp_drawChessboardCorners_2084,NaN
8,calibinit.cpp_cvDrawChessboardCorners_1949,0
8,test_cameracalibration_tilt.cpp_addNoiseRemoveInvalidPoints_371,0
8,test_cameracalibration_tilt.cpp_numericalDerivative_302,0
8,test_cameracalibration_tilt.cpp_SetUp_180,0
8,test_cameracalibration_tilt.cpp_randomDistortionCoeff_130,0
8,test_cameracalibration_tilt.cpp_m_toDegree_68,NaN
8,test_cameracalibration_badarg.cpp_run_349,NaN
8,test_cameracalibration.cpp_RT2_2129,NaN
8,test_cameracalibration.cpp_RT2_2128,NaN
8,test_cameracalibration.cpp_RT2_2127,NaN
8,test_cameracalibration.cpp_P2_2089,NaN
8,test_cameracalibration.cpp_P2_2088,NaN
8,test_cameracalibration.cpp_P2_2087,0
8,test_cameracalibration.cpp_TEST_2080,NaN
8,test_cameracalibration.cpp_run_1386,NaN
8,test_chesscorners.cpp_checkByGenerator_363,0
8,test_chesscorners_badarg.cpp_run_func_79,NaN
8,circlesgrid.cpp_addPoint_898,0
8,test_chesscorners_badarg.cpp_CV_ChessboardDetectorBadArgTest_93,NaN
8,test_cornerssubpix.cpp_calcDistance_66,NaN
8,circlesgrid.cpp_findMCS_770,0
8,circlesgrid.cpp_isDetectionCorrect_677,0
8,circlesgrid.cpp_findHoles_589,0
8,circlesgrid.cpp_patternSize_579,NaN
8,circlesgrid.cpp_CirclesGridFinderParameters_571,NaN
8,circlesgrid.cpp_floydWarshall_496,0
8,circlesgrid.cpp_getDegree_489,0
8,circlesgrid.cpp_areVerticesAdjacent_476,0
8,circlesgrid.cpp_addEdge_458,0
8,circlesgrid.cpp_addVertex_451,NaN
8,calibinit.cpp_findCirclesGrid_2203,0
8,calibinit.cpp_findCirclesGrid2_2110,NaN
8,checkchessboard.cpp_checkChessboardBinary_201,0
8,checkchessboard.cpp_checkChessboard_170,0
8,checkchessboard.cpp_cvCheckChessboard_164,NaN
8,checkchessboard.cpp_checkQuads_120,0
8,checkchessboard.cpp_fillQuads_100,0
8,checkchessboard.cpp_less_pred_95,NaN
8,checkchessboard.cpp_icvGetQuadrangleHypotheses_53,0
8,test_chesscorners_badarg.cpp_Fct3_103,NaN
8,quadsubpix.cpp_if_215,NaN
8,calibration.cpp_sqrt_2884,0
8,calibration.cpp_cvRQDecomp3x3_2858,0
8,test_fundam.cpp_run_func_977,NaN
8,test_fundam.cpp_get_success_error_level_1518,NaN
8,test_fundam.cpp_get_test_array_types_and_sizes_1457,NaN
8,test_fundam.cpp_read_params_1449,NaN
8,test_fundam.cpp_CV_ConvertHomogeneousTest_1438,NaN
8,test_fundam.cpp_TEST_1716,NaN
8,test_fundam.cpp_TEST_1715,NaN
8,test_fundam.cpp_TEST_1714,NaN
8,test_fundam.cpp_TEST_1713,NaN
8,test_fundam.cpp_double>_1002,NaN
8,test_fundam.cpp_prepare_to_validation_986,NaN
8,test_fundam.cpp_prepare_test_case_953,NaN
8,test_cameracalibration.cpp_triangulate_2056,NaN
8,test_fundam.cpp_fill_array_899,NaN
8,test_fundam.cpp_fill_array_898,NaN
8,test_fundam.cpp_get_success_error_level_892,NaN
8,test_fundam.cpp_get_test_array_types_and_sizes_830,NaN
8,test_fundam.cpp_read_params_822,NaN
8,test_fundam.cpp_CV_FundamentalMatTest_786,NaN
8,test_fundam.cpp_test_projectPoints_469,0
8,test_fundam.cpp_test_convertHomogeneous_361,0
8,ptsetreg.cpp_createLMeDSPointSetRegistrator_393,0
8,ptsetreg.cpp_run_278,NaN
8,test_fundam.cpp_fill_array_1524,NaN
8,test_fundam.cpp_run_func_1538,NaN
8,test_fundam.cpp_prepare_to_validation_1545,NaN
8,test_fundam.cpp_CV_ComputeEpilinesTest_1572,NaN
8,test_fundam.cpp_fill_array_1198,NaN
8,test_fundam.cpp_get_success_error_level_1192,NaN
8,test_fundam.cpp_get_test_array_types_and_sizes_1129,NaN
8,test_fundam.cpp_read_params_1121,NaN
8,test_fundam.cpp_CV_EssentialMatTest_1082,NaN
8,precomp.hpp_checkSubset_91,NaN
8,five-point.cpp_decomposeEssentialMat_644,0
8,five-point.cpp_recoverPose_638,NaN
8,five-point.cpp_recoverPose_464,0
8,five-point.cpp_findEssentialMat_454,NaN
8,five-point.cpp_findEssentialMat_407,NaN
8,five-point.cpp_computeError_374,NaN
8,five-point.cpp_Fct3_359,NaN
8,five-point.cpp_getCoeffMat_150,0
8,five-point.cpp_runKernel_41,NaN
8,test_fundam.cpp_prepare_to_validation_1680,NaN
8,test_fundam.cpp_run_func_1673,NaN
8,test_fundam.cpp_fill_array_1656,NaN
8,test_fundam.cpp_get_success_error_level_1650,NaN
8,test_fundam.cpp_get_test_array_types_and_sizes_1592,NaN
8,test_fundam.cpp_read_params_1584,NaN
8,fundam.cpp_run8Point_534,0
8,compat_ptsetreg.cpp_cvFindFundamentalMat_371,0
8,test_fundam.cpp_prepare_to_validation_713,NaN
8,fisheye.cpp_CalibrateExtrinsics_1378,0
8,fisheye.cpp_NormalizePixels_1320,0
8,fisheye.cpp_ComputeHomography_1219,0
8,fisheye.cpp_ComputeExtrinsicRefine_1178,0
8,fisheye.cpp_projectPoints_1165,NaN
8,fisheye.cpp_=_1135,NaN
8,fisheye.cpp_operator+_1114,NaN
8,fisheye.cpp_isEstimate_1105,NaN
8,fisheye.cpp_subMatrix_1076,NaN
8,fisheye.cpp_calibrate_700,NaN
8,fisheye.cpp_if _159,NaN
8,test_fisheye.cpp_combine_675,0
8,test_fisheye.cpp_SetUp_58,NaN
8,fisheye.cpp_undistortPoints_320,0
8,fisheye.cpp_distortPoints_256,0
8,fisheye.cpp_projectPoints_73,0
8,test_decompose_projection.cpp_TEST_137,NaN
8,test_decompose_projection.cpp_run_60,NaN
8,calibration.cpp_decomposeProjectionMatrix_3649,0
8,calibration.cpp_cvDecomposeProjectionMatrix_3025,0
8,calibration.cpp_sqrt_2923,NaN
8,calibration.cpp_sqrt_2903,NaN
8,fisheye.cpp_InitExtrinsics_1338,0
8,fisheye.cpp_ComputeJacobians_1416,0
8,test_fundam.cpp_run_func_661,NaN
8,fisheye.cpp_EstimateUncertainties_1479,0
8,test_fundam.cpp_prepare_test_case_654,NaN
8,test_fundam.cpp_fill_array_624,NaN
8,test_fundam.cpp_get_success_error_level_618,0
8,test_fundam.cpp_get_test_array_types_and_sizes_567,NaN
8,test_fundam.cpp_read_params_559,NaN
8,test_fundam.cpp_CV_RodriguesTest_538,NaN
8,test_fundam.cpp_Rodrigues_352,NaN
8,test_fundam.cpp_1/_243,NaN
8,test_fundam.cpp_cvTsRodrigues_49,0
8,fisheye.cpp_median3d_1639,NaN
8,fisheye.cpp_median_1629,0
8,fisheye.cpp_compose_motion_1593,NaN
8,fisheye.cpp_JRodriguesMatlab_1561,0
8,fisheye.cpp_dAB_1527,0
8,fisheye.cpp_stereoCalibrate_839,NaN
8,test_fisheye.cpp_merge4_691,0
8,fisheye.cpp_min_669,0
8,fisheye.cpp_stereoRectify_616,NaN
8,fisheye.cpp_estimateNewCameraMatrixForUndistortRectify_541,0
8,fisheye.cpp_initUndistortRectifyMap_418,0
8,fisheye.cpp_Init_1155,NaN
8,test_cameracalibration.cpp_resizeCameraMatrix_1376,0
8,triangulate.cpp_triangulatePoints_349,0
8,test_cameracalibration.cpp_rectifyUncalibrated_2049,NaN
8,calibration.cpp_if_1485,NaN
8,calibration.cpp_if_1412,NaN
8,calibration.cpp_if_1406,NaN
8,calibration.cpp_cvCalibrateCamera2Internal_1305,NaN
8,calibration.cpp_cvCalibrateCamera2Internal_1300,0
8,calibration.cpp_cvInitIntrinsicParams2D_1192,NaN
8,calibration.cpp_cvInitIntrinsicParams2D_1191,NaN
8,calibration.cpp_cvInitIntrinsicParams2D_1187,0
8,calibration.cpp_cvFindExtrinsicCameraParams2_978,NaN
8,calibration.cpp_cvFindExtrinsicCameraParams2_973,0
8,calibration.cpp_if_890,NaN
8,calibration.cpp_if_346,NaN
8,test_affine3d_estimator.cpp_run_185,NaN
8,test_affine3d_estimator.cpp_testNPoints_132,0
8,test_affine3d_estimator.cpp_test4Points_90,0
8,ptsetreg.cpp_estimateAffine3D_770,0
8,ptsetreg.cpp_checkSubset_468,0
8,ptsetreg.cpp_computeError_441,0
8,ptsetreg.cpp_runKernel_403,0
8,ptsetreg.cpp_createRANSACPointSetRegistrator_385,0
8,ptsetreg.cpp_run_165,0
8,ptsetreg.cpp_getSubset_108,0
8,calibration.cpp_convertTo_1414,NaN
8,calibration.cpp_if_1488,NaN
8,test_cameracalibration.cpp_rectify_2042,NaN
8,calibration.cpp_cvCalibrateCamera2_1718,0
8,levmarq.cpp_maxIters_84,NaN
8,fundam.cpp_convertPointsFromHomogeneous_841,0
8,fundam.cpp_findHomography_322,0
8,fundam.cpp_compute_190,0
8,fundam.cpp_HomographyRefineCallback_184,NaN
8,fundam.cpp_ _141,NaN
8,fundam.cpp_ _140,NaN
8,fundam.cpp_if_131,NaN
8,fundam.cpp_if_130,NaN
8,fundam.cpp_runKernel_91,NaN
8,compat_ptsetreg.cpp_cvConvertPointsHomogeneous_433,0
8,compat_ptsetreg.cpp_cvFindHomography_334,0
8,compat_ptsetreg.cpp_if_299,NaN
8,compat_ptsetreg.cpp_step_289,0
8,compat_ptsetreg.cpp_subMatrix_262,0
8,compat_ptsetreg.cpp_updateAlt_192,0
8,compat_ptsetreg.cpp_update_121,0
8,compat_ptsetreg.cpp_init_89,0
8,compat_ptsetreg.cpp_CvLevMarq_84,NaN
8,compat_ptsetreg.cpp_clear_70,0
8,compat_ptsetreg.cpp_CvLevMarq_65,NaN
8,ptsetreg.cpp_findInliers_87,0
8,ptsetreg.cpp_maxIters_82,0
8,ptsetreg.cpp_RANSACUpdateNumIters_54,0
8,test_affine3.cpp_TEST_84,NaN
8,test_fundam.cpp_TEST_1707,NaN
8,test_fundam.cpp_TEST_1706,NaN
8,test_compose_rt.cpp_TEST_214,NaN
8,test_chesscorners_timing.cpp_TEST_183,NaN
8,test_chesscorners.cpp_TEST_472,NaN
8,test_chesscorners.cpp_TEST_470,NaN
8,test_chesscorners.cpp_TEST_469,NaN
8,test_chesscorners.cpp_TEST_468,NaN
8,test_cameracalibration_badarg.cpp_TEST_737,NaN
8,test_cameracalibration_badarg.cpp_TEST_736,NaN
8,test_cameracalibration_badarg.cpp_TEST_735,NaN
8,test_cameracalibration_artificial.cpp_TEST_431,NaN
8,test_cameracalibration.cpp_TEST_2077,NaN
8,test_cameracalibration.cpp_TEST_2076,NaN
8,test_cameracalibration.cpp_TEST_2075,NaN
8,test_cameracalibration.cpp_TEST_2074,NaN
8,test_cameracalibration.cpp_TEST_2073,NaN
8,test_cameracalibration.cpp_TEST_2072,NaN
8,test_cameracalibration.cpp_TEST_2071,NaN
8,test_cameracalibration.cpp_TEST_2070,NaN
8,test_cameracalibration.cpp_TEST_2069,NaN
8,test_fundam.cpp_TEST_1708,NaN
8,test_fundam.cpp_TEST_1709,NaN
8,test_fundam.cpp_TEST_1710,NaN
8,test_undistort.cpp_TEST_938,NaN
8,test_affine3.cpp_TEST_49,NaN
8,calibration.cpp_Rodrigues_3164,0
8,calibration.cpp_cvRodrigues2_255,NaN
8,test_undistort_points.cpp_TEST_94,NaN
8,test_undistort_badarg.cpp_TEST_526,NaN
8,test_undistort_badarg.cpp_TEST_525,NaN
8,test_undistort_badarg.cpp_TEST_524,NaN
8,test_undistort.cpp_TEST_940,NaN
8,test_undistort.cpp_TEST_939,NaN
8,test_stereomatching.cpp_TEST_872,NaN
8,test_homography.cpp_TEST_574,NaN
8,test_stereomatching.cpp_TEST_871,NaN
8,test_stereomatching.cpp_Fct11_330,NaN
8,test_stereomatching.cpp_countNonZero_323,0
8,test_solvepnp_ransac.cpp_TEST_360,NaN
8,test_solvepnp_ransac.cpp_TEST_359,NaN
8,test_solvepnp_ransac.cpp_TEST_358,NaN
8,test_reproject_image_to_3d.cpp_TEST_180,NaN
8,test_posit.cpp_TEST_220,NaN
8,test_homography_decomp.cpp_TEST_138,NaN
8,levmarq.cpp_run_93,NaN
8,levmarq.cpp_createLMSolver_213,0
8,precomp.hpp_compressElems_106,0
8,calibinit.cpp_findChessboardCorners_2053,0
8,fundam.cpp_computeCorrespondEpilines_766,NaN
8,fundam.cpp_findFundamentalMat_695,0
8,fundam.cpp_computeError_658,NaN
8,fundam.cpp_runKernel_642,NaN
8,fundam.cpp_checkSubset_636,NaN
8,fundam.cpp_run7Point_426,NaN
8,fundam.cpp_run7Point_425,0
8,compat_ptsetreg.cpp_cvComputeCorrespondEpilines_399,0
8,calibration.cpp_calibrateCamera_3305,NaN
8,calibration.cpp_cvStereoRectifyUncalibrated_2556,NaN
8,calibration.cpp_cvStereoRectifyUncalibrated_2551,0
8,calibration.cpp_if_2315,NaN
8,calibration.cpp_cvStereoRectify_2264,NaN
8,calibration.cpp_cvStereoRectify_2263,NaN
8,calibration.cpp_cvStereoRectify_2262,0
8,calibration.cpp_icvGetRectangles_2216,0
8,calibration.cpp_if_1872,NaN
8,calibration.cpp_cvStereoCalibrate_1772,NaN
8,calibration.cpp_cvStereoCalibrate_1767,0
8,calibration.cpp_dbCmp_1751,NaN
8,calibration.cpp_cvComposeRT_156,0
8,fundam.cpp_convertPointsToHomogeneous_942,0
8,precomp.hpp_haveCollinearPoints_119,0
8,triangulate.cpp_cvTriangulatePoints_55,0
8,test_cameracalibration.cpp_run_1553,NaN
8,test_cameracalibration.cpp_calibrateStereoCamera_2030,NaN
8,test_undistort_points.cpp_resize_69,0
8,calibration.cpp_stereoRectifyUncalibrated_3574,0
8,calibration.cpp_stereoRectify_3540,0
8,calibration.cpp_stereoCalibrate_3477,0
8,test_cameracalibration.cpp_triangulate_1974,0
8,test_cameracalibration.cpp_rectifyUncalibrated_1962,0
8,test_cameracalibration.cpp_rectify_1945,0
8,test_cameracalibration.cpp_calibrateStereoCamera_1897,0
8,test_cameracalibration.cpp_checkPandROI_1508,0
8,triangulate.cpp_CV_Error_90,0
8,triangulate.cpp_correctMatches_372,0
8,triangulate.cpp_if _304,NaN
8,triangulate.cpp_if _254,NaN
8,triangulate.cpp_if _236,NaN
8,triangulate.cpp_for _204,NaN
8,triangulate.cpp_if _168,NaN
8,triangulate.cpp_if _161,NaN
8,triangulate.cpp_cvCorrectMatches_136,0
8,triangulate.cpp_CV_Error_91,NaN
8,calibration.cpp_cvCalcMatMulDeriv_62,0
8,calibinit.cpp_processQuads_1865,0
8,test_cameracalibration.cpp_run_291,NaN
8,calibinit.cpp_icvGenerateQuads_1716,0
8,test_cameracalibration.cpp_project_873,NaN
8,test_cameracalibration.cpp_calibrate_798,NaN
8,calibration.cpp_calibrateCamera_3319,0
8,calibration.cpp_prepareDistCoeffs_3140,0
8,calibration.cpp_prepareCameraMatrix_3132,0
8,calibration.cpp_collectCalibrationData_3079,0
8,calibration.cpp_subMatrix_1272,NaN
8,test_chessboardgenerator.cpp_)_182,NaN
8,test_chessboardgenerator.cpp_generateChessBoard_115,0
8,test_chessboardgenerator.cpp_generateBasis_80,0
8,test_chessboardgenerator.cpp_cornersSize_68,0
8,test_chessboardgenerator.cpp_generateEdge_61,0
8,test_chessboardgenerator.cpp_tvec_56,0
8,test_cameracalibration_badarg.cpp_run_89,NaN
8,test_cameracalibration_badarg.cpp_)_80,NaN
8,test_cameracalibration_badarg.cpp_imgSize_54,0
8,calibration.cpp_if_3448,NaN
8,calibration.cpp_calibrationMatrixValues_3433,0
8,test_cameracalibration.cpp_project_767,0
8,test_cameracalibration.cpp_calibrate_739,0
8,test_cameracalibration.cpp_Fct6_315,NaN
8,calibration.cpp_cvCalibrationMatrixValues_1726,0
8,test_cameracalibration.cpp_run_908,NaN
8,test_cameracalibration.cpp_calibMatrixValues_1014,0
8,calibinit.cpp_icvCheckBoardMonotony_644,0
8,calibinit.cpp_icvFindQuadNeighbors_1571,0
8,calibinit.cpp_corners_1325,0
8,calibinit.cpp_icvCheckQuadGroup_1315,0
8,calibinit.cpp_icvFindConnectedQuads_1268,0
8,calibinit.cpp_icvCleanFoundConnectedQuads_1161,0
8,calibinit.cpp_icvOrderQuad_1128,0
8,calibinit.cpp_icvRemoveQuadFromGroup_1086,0
8,calibinit.cpp_icvAddOuterQuad_923,0
8,calibinit.cpp_icvOrderFoundConnectedQuads_688,0
8,calibinit.cpp_cvFindChessboardCorners_427,0
8,test_cameracalibration.cpp_calibMatrixValues_1040,NaN
8,calibinit.cpp_icvBinarizationHistogramBased_285,0
8,calibinit.cpp_meanDist_121,0
8,test_cameracalibration.cpp_project_1338,NaN
8,test_cameracalibration_badarg.cpp_run_493,NaN
8,test_cameracalibration_badarg.cpp_)_486,NaN
8,test_cameracalibration_badarg.cpp_distCoeffs_458,0
8,test_cameracalibration.cpp_project_1301,NaN
8,test_cameracalibration.cpp_run_1090,NaN
8,test_cameracalibration.cpp_calcdfdx_1048,0
8,test_fundam.cpp_fill_array_1199,NaN
8,test_fundam.cpp_prepare_test_case_1252,NaN
8,test_fundam.cpp_run_func_1277,NaN
8,epnp.cpp_for_436,NaN
8,p3p.cpp_solve_35,NaN
8,epnp.h_init_points_32,NaN
8,epnp.cpp_qr_solve_525,0
8,epnp.cpp_gauss_newton_509,NaN
8,epnp.cpp_gauss_newton_506,0
8,epnp.cpp_for_480,NaN
8,epnp.cpp_cvCreateMat_63,0.176776695296637
9,epnp.cpp_compute_A_and_b_gauss_newton_479,0
9,epnp.cpp_compute_rho_468,0
9,epnp.cpp_for_451,NaN
9,epnp.cpp_compute_L_6x10_426,0
9,epnp.cpp_find_betas_approx_1_335,NaN
9,epnp.cpp_if _413,NaN
9,epnp.cpp_for_403,NaN
9,epnp.cpp_find_betas_approx_3_399,NaN
9,epnp.cpp_find_betas_approx_3_398,0
9,epnp.cpp_if _379,NaN
9,epnp.cpp_for_371,NaN
9,epnp.cpp_find_betas_approx_2_367,NaN
9,epnp.cpp_find_betas_approx_2_366,0
9,epnp.cpp_sqrt_353,NaN
9,epnp.cpp_if _348,NaN
9,p3p.cpp_solve_100,NaN
9,p3p.cpp_for_110,NaN
9,p3p.cpp_if _117,NaN
9,p3p.cpp_for_123,NaN
9,stereobm.cpp_if_811,NaN
9,stereobm.cpp_if_810,NaN
9,stereobm.cpp_if_809,NaN
9,stereobm.cpp_if_808,NaN
9,stereobm.cpp_findStereoCorrespondenceBM_545,NaN
9,stereobm.cpp_findStereoCorrespondenceBM_SIMD_291,0
9,stereobm.cpp_prefilterXSobel_197,0
9,test_solvepnp_ransac.cpp_TEST_531,NaN
9,test_solvepnp_ransac.cpp_TEST_491,NaN
9,test_solvepnp_ransac.cpp_TEST_462,NaN
9,test_solvepnp_ransac.cpp_runTest_213,NaN
9,test_solvepnp_ransac.cpp_CV_solvePnP_Test_200,NaN
9,test_solvepnp_ransac.cpp_TEST_423,NaN
9,test_solvepnp_ransac.cpp_TEST_363,NaN
9,test_solvepnp_ransac.cpp_run_156,NaN
9,test_solvepnp_ransac.cpp_runTest_117,NaN
9,solvepnp.cpp_solvePnPRansac_239,0
9,solvepnp.cpp_computeError_202,NaN
9,solvepnp.cpp_runKernel_186,NaN
9,solvepnp.cpp_tvec_181,NaN
9,solvepnp.cpp_solvePnP_59,0.377964473009227
9,epnp.cpp_for_339,NaN
9,epnp.cpp_find_betas_approx_1_334,0
9,test_fundam.cpp_prepare_to_validation_1323,NaN
9,ap3p.cpp_solve_292,NaN
9,test_solvepnp_ransac.cpp_run_321,NaN
9,test_solvepnp_ransac.cpp_for _307,NaN
9,test_solvepnp_ransac.cpp_runTest_283,0
9,test_solvepnp_ransac.cpp_generatePose_104,0
9,test_solvepnp_ransac.cpp_generateDistCoeffs_97,0
9,test_solvepnp_ransac.cpp_generateCameraMatrix_84,0
9,test_solvepnp_ransac.cpp_generate3DPointCloud_71,0
9,solvepnp.cpp_for _423,NaN
9,solvepnp.cpp_if _419,NaN
9,solvepnp.cpp_if _415,NaN
9,solvepnp.cpp_if _411,NaN
9,solvepnp.cpp_solveP3P_382,0
9,polynom_solver.cpp_if _162,NaN
9,polynom_solver.cpp_if _154,NaN
9,polynom_solver.cpp_if _145,NaN
9,polynom_solver.cpp_if _127,NaN
9,polynom_solver.cpp_if _100,NaN
9,polynom_solver.cpp_solve_deg4_99,0
9,polynom_solver.cpp_if _73,NaN
9,polynom_solver.cpp_if _62,NaN
9,polynom_solver.cpp_if _34,NaN
9,test_solvepnp_ransac.cpp_generate3DPointCloud_329,NaN
9,ap3p.cpp_if _297,NaN
9,epnp.cpp_for_314,NaN
9,ap3p.cpp_solve_352,NaN
9,epnp.cpp_reprojection_error_311,NaN
9,epnp.cpp_for_289,NaN
9,epnp.cpp_if _284,NaN
9,epnp.cpp_solve_for_sign_283,NaN
9,epnp.cpp_if _271,NaN
9,epnp.cpp_for_250,NaN
9,epnp.cpp_for_229,NaN
9,epnp.cpp_estimate_R_and_t_223,NaN
9,epnp.cpp_compute_pose_151,0
9,epnp.cpp_for_141,NaN
9,epnp.cpp_compute_pcs_140,NaN
9,epnp.cpp_compute_ccs_127,NaN
9,epnp.cpp_fill_M_111,0
9,epnp.cpp_for_96,NaN
9,epnp.cpp_compute_barycentric_coordinates_85,0
9,epnp.cpp_choose_control_points_49,0
9,epnp.cpp_epnp_41,NaN
9,epnp.cpp_epnp_9,NaN
9,ap3p.cpp_for _374,NaN
9,ap3p.cpp_if _368,NaN
9,ap3p.cpp_for _361,NaN
9,stereobm.cpp_)_893,NaN
9,stereobm.cpp_)_978,NaN
9,stereobm.cpp_StereoBMImpl_1058,NaN
9,test_undistort.cpp_CV_InitUndistortRectifyMapTest_606,NaN
9,test_undistort_badarg.cpp_double>_112,NaN
9,test_undistort_badarg.cpp_run_105,NaN
9,test_undistort_badarg.cpp_run_98,NaN
9,test_undistort_badarg.cpp_run_func_86,NaN
9,test_undistort_badarg.cpp_CV_UndistortPointsBadArgTest _80,NaN
9,test_undistort.cpp_get_success_error_level_565,NaN
9,test_undistort.cpp_distortPoints_491,NaN
9,test_undistort.cpp_run_func_451,NaN
9,test_undistort.cpp_prepare_to_validation_384,NaN
9,test_undistort.cpp_prepare_to_validation_383,NaN
9,test_undistort.cpp_prepare_to_validation_381,NaN
9,test_undistort.cpp_randInt_271,NaN
9,test_undistort.cpp_prepare_test_case_259,NaN
9,test_undistort.cpp_get_test_array_types_and_sizes_212,NaN
9,test_undistort.cpp_CV_UndistortPointsTest_197,NaN
9,test_undistort.cpp_copy_141,NaN
9,test_undistort.cpp_prepare_to_validation_129,NaN
9,test_undistort.cpp_run_func_124,NaN
9,test_undistort.cpp_randReal_108,NaN
9,test_undistort.cpp_prepare_test_case_92,NaN
9,test_undistort.cpp_get_test_array_types_and_sizes_84,NaN
9,test_undistort_badarg.cpp_double>_113,NaN
9,test_undistort.cpp_get_test_array_types_and_sizes_622,NaN
9,test_stereomatching.cpp_TEST_875,NaN
9,test_undistort.cpp_prepare_test_case_664,NaN
9,test_undistort_points.cpp_run_61,NaN
9,test_undistort_points.cpp_generateDistCoeffs_54,NaN
9,test_undistort_points.cpp_generateCameraMatrix_42,NaN
9,test_undistort_points.cpp_generate3DPointCloud_31,NaN
9,test_undistort_badarg.cpp_run_467,NaN
9,test_undistort_badarg.cpp_run_463,NaN
9,test_undistort_badarg.cpp_run_458,NaN
9,test_undistort_badarg.cpp_run_func_446,NaN
9,test_undistort_badarg.cpp_CV_UndistortBadArgTest _440,NaN
9,test_undistort_badarg.cpp_run_346,NaN
9,test_undistort_badarg.cpp_run_345,NaN
9,test_undistort_badarg.cpp_run_341,NaN
9,test_undistort_badarg.cpp_run_336,NaN
9,test_undistort_badarg.cpp_run_func_324,NaN
9,test_undistort_badarg.cpp_CV_InitUndistortRectifyMapBadArgTest _318,NaN
9,test_undistort.cpp_get_success_error_level_932,NaN
9,test_undistort.cpp_run_func_905,NaN
9,test_undistort.cpp_cvReleaseMat_844,NaN
9,test_undistort.cpp_cvReleaseMat_843,0
9,test_undistort.cpp_prepare_to_validation_788,NaN
9,test_undistort.cpp_cvCreateMat_697,NaN
9,test_undistort.cpp_CV_DefaultNewCameraMatrixTest_74,NaN
9,test_stereomatching.cpp_runStereoMatchingAlgorithm_852,NaN
9,stereobm.cpp_compute_1063,NaN
9,stereobm.cpp_create_1291,0.131306432859723
10,test_stereomatching.cpp_badMatchPxlsFraction_290,0
10,test_stereomatching.cpp_compareErrors_702,0
10,test_stereomatching.cpp_readROI_693,0
10,test_stereomatching.cpp_readErrors_685,0
10,test_stereomatching.cpp_writeROI_667,0
10,test_stereomatching.cpp_readDatasetsParams_622,0
10,test_stereomatching.cpp_processStereoMatchingResults_557,0
10,test_stereomatching.cpp_calcErrors_515,0
10,test_stereomatching.cpp_run_410,NaN
10,test_stereomatching.cpp_CV_StereoMatchingTest_372,NaN
10,test_stereomatching.cpp_dispRMS_271,0
10,test_stereomatching.cpp_compareROI_722,NaN
10,test_stereomatching.cpp_getBorderedMask_256,0
10,test_stereomatching.cpp_computeDepthDiscontMask_231,0
10,test_stereomatching.cpp_computeOcclusionBasedMasks_157,0
10,test_stereomatching.cpp_checkDispMapsAndUnknDispMasks_117,0
10,test_stereomatching.cpp_checkTypeAndSizeOfMask_106,0
10,test_stereomatching.cpp_checkTypeAndSizeOfDisp_96,0
10,test_stereomatching.cpp_computeTextureBasedMasks_74,0
10,stereosgbm.cpp_getValidDisparityROI_2274,0
10,stereobm.cpp_setMinDisparity_1205,0
10,test_stereomatching.cpp_compareROI_720,0
10,test_stereomatching.cpp_CV_StereoBMTest_745,NaN
10,test_stereomatching.cpp_readRunParams_832,NaN
10,test_stereomatching.cpp_readRunParams_761,0
10,test_stereomatching.cpp_CV_StereoSGBMTest_816,NaN
10,stereosgbm.cpp_filterSpeckles_2426,0
10,stereosgbm.cpp_ipp_filterSpeckles_2389,0
10,stereosgbm.cpp_create_2261,0
10,stereosgbm.cpp_compute_2151,NaN
10,stereosgbm.cpp_StereoSGBMImpl_2143,NaN
10,stereosgbm.cpp_computeDisparity3WaySGBM_2100,0
10,stereosgbm.cpp_ _1945,NaN
10,stereosgbm.cpp_accumulateCostsRight_1845,0
10,stereosgbm.cpp_accumulateCostsLeftTop_1733,0
10,stereosgbm.cpp_getRawMatchingCost_1644,0
10,stereosgbm.cpp_clipTab_1550,NaN
10,stereosgbm.cpp_computeDisparitySGBM_HH4_1446,0
10,stereosgbm.cpp_)_1156,NaN
10,stereosgbm.cpp_disp1_1131,NaN
10,stereosgbm.cpp_if_905,NaN
10,stereosgbm.cpp_)_875,NaN
10,stereosgbm.cpp_clipTab_850,NaN
10,stereosgbm.cpp_computeDisparitySGBM_292,0
10,stereosgbm.cpp_calcPixelCostBT_128,0
10,test_stereomatching.cpp_runStereoMatchingAlgorithm_781,0
10,polynom_solver.cpp_solve_deg3_33,0
10,p3p.h_extract_points_36,NaN
10,p3p.cpp_for_429,NaN
10,rho.cpp_nStarOptimize_1700,0
10,rho.cpp_sacInitNonRand_1676,0
10,rho.cpp_designSPRTTest_1603,0
10,rho.cpp_sacDesignSPRTTest_1546,0
10,rho.cpp_if_1524,NaN
10,rho.cpp_if_1522,NaN
10,rho.cpp_if_1515,NaN
10,rho.cpp_if_1514,NaN
10,rho.cpp_updateSPRT_1513,0
10,rho.cpp_for_1466,NaN
10,rho.cpp_evaluateModelSPRT_1447,0
10,rho.cpp_if_1388,NaN
10,rho.cpp_if_1376,NaN
10,rho.cpp_if_1364,NaN
10,rho.cpp_if_1352,NaN
10,rho.cpp_if_1338,NaN
10,rho.cpp_isSampleDegenerate_1308,0
10,rho.cpp_if_1285,NaN
10,rho.cpp_for_1284,NaN
10,rho.cpp_for_1277,NaN
10,rho.cpp_if_1271,NaN
10,rho.cpp_if_1267,NaN
10,rho.cpp_for_1680,NaN
10,rho.cpp_for_1707,NaN
10,rho.cpp_rndSmpl_1240,NaN
10,rho.cpp_if_1708,NaN
10,rho.cpp_if_2238,NaN
10,rho.cpp_sacCalcJacobianErrors_2233,0
10,rho.cpp_if_2203,NaN
10,rho.cpp_if_2199,NaN
10,rho.cpp_if_2196,NaN
10,rho.cpp_if_2194,NaN
10,rho.cpp_while_2172,NaN
10,rho.cpp_for_2150,NaN
10,rho.cpp_refine_2135,0
10,rho.cpp_Fct88_1967,NaN
10,rho.cpp_Fct87_1966,NaN
10,rho.cpp_hFuncRefC_1872,NaN
10,rho.cpp_if_1841,NaN
10,rho.cpp_if_1834,NaN
10,rho.cpp_if_1827,NaN
10,rho.cpp_sacCalcIterBound_1811,0
10,rho.cpp_if_1756,NaN
10,rho.cpp_if_1754,NaN
10,rho.cpp_outputModel_1753,0
10,rho.cpp_if_1718,NaN
10,rho.cpp_if_1709,NaN
10,rho.cpp_for_1265,NaN
10,rho.cpp_if_1123,NaN
10,rho.cpp_for_2243,NaN
10,rho.cpp_if_711,NaN
10,rho.cpp_ensureCapacity_706,0
10,rho.cpp_if_682,NaN
10,rho.cpp_finalize_681,0
10,rho.cpp_if_665,NaN
10,rho.cpp_initialize_644,0
10,rho.cpp_if_623,NaN
10,rho.cpp_RHO_HEST_REFC_622,0
10,rho.cpp_initialized_558,0
10,rho.cpp_rhoHest_534,0
10,rho.cpp_rhoEnsureCapacity_478,0
10,rho.cpp_if_464,NaN
10,rho.cpp_if_463,NaN
10,rho.cpp_rhoInit_449,0
10,rho.cpp_fastSeed_170,0
10,rho.cpp_fastRandom_150,0
10,fundam.cpp_for_309,NaN
10,fundam.cpp_createAndRunRHORegistrator_249,0
10,fundam.cpp_double>_164,NaN
10,fundam.cpp_computeError_158,NaN
10,fundam.cpp_checkSubset_54,NaN
10,test_fundam.cpp_double>_1338,NaN
10,rho.cpp_if_707,NaN
10,rho.cpp_if_717,NaN
10,rho.cpp_if_1117,NaN
10,rho.cpp_rhoHest_769,NaN
10,rho.cpp_if_1114,NaN
10,rho.cpp_verify_1110,0
10,rho.cpp_if_1094,NaN
10,rho.cpp_if_1089,NaN
10,rho.cpp_if_1084,NaN
10,rho.cpp_hypothesize_1083,0
10,rho.cpp_if_1036,NaN
10,rho.cpp_if_1005,NaN
10,rho.cpp_if_990,NaN
10,rho.cpp_if_986,NaN
10,rho.cpp_if_980,NaN
10,rho.cpp_if_976,NaN
10,rho.cpp_if_972,NaN
10,rho.cpp_if_968,NaN
10,rho.cpp_initRun_960,0
10,rho.cpp_allocatePerRun_887,0
10,rho.cpp_allocatePerObj_837,0
10,rho.cpp_if_816,NaN
10,rho.cpp_for_807,NaN
10,rho.cpp_if_798,NaN
10,rho.cpp_if_788,NaN
10,rho.cpp_if_2239,NaN
10,rho.cpp_if_2245,NaN
10,p3p.cpp_for_424,NaN
10,ap3p.cpp_vect_divide_169,NaN
10,ap3p.cpp_ _256,NaN
10,ap3p.cpp_for _243,NaN
10,ap3p.cpp_vect_cross_237,NaN
10,ap3p.cpp_vect_cross_236,NaN
10,ap3p.cpp_vect_cross_235,NaN
10,ap3p.cpp_vect_cross_232,NaN
10,ap3p.cpp_vect_cross_231,NaN
10,ap3p.cpp_vect_divide_168,NaN
10,ap3p.cpp_if _321,NaN
10,ap3p.cpp_computePoses_158,NaN
10,ap3p.cpp_computePoses_156,NaN
10,ap3p.cpp_for _60,NaN
10,ap3p.cpp_ _40,NaN
10,ap3p.cpp_if _37,NaN
10,test_reproject_image_to_3d.cpp_runCase_114,NaN
10,test_reproject_image_to_3d.cpp_run_63,NaN
10,ap3p.cpp_mat_mult_267,NaN
10,ap3p.cpp_for _336,NaN
10,test_posit.cpp_run_63,NaN
10,p3p.cpp_for_254,NaN
10,p3p.cpp_for_419,NaN
10,p3p.cpp_if _403,NaN
10,p3p.cpp_if _399,NaN
10,p3p.cpp_for_393,NaN
10,p3p.cpp_for_391,NaN
10,p3p.cpp_for_384,NaN
10,p3p.cpp_align_303,NaN
10,p3p.cpp_for_170,NaN
10,ap3p.cpp_solve_384,NaN
10,p3p.cpp_solve_136,NaN
10,p3p.cpp_for _83,NaN
10,p3p.cpp_solve_61,NaN
10,p3p.cpp_p3p_17,NaN
10,ap3p.h_for _22,NaN
10,ap3p.cpp_sqrt_412,NaN
10,ap3p.cpp_sqrt_411,NaN
10,rho.cpp_if_2284,NaN
10,test_affine3d_estimator.cpp_TEST_197,0.112508790092602
11,test_homography_decomp.cpp_buildTestDataSet_87,0
11,rho.cpp_sacTRISolve8x8_2680,0
11,test_homography.cpp_TEST_642,NaN
11,test_homography.cpp_countNonZero_628,NaN
11,test_homography.cpp_TEST_577,NaN
11,ap3p.cpp_solve_316,0
11,test_homography.cpp_CV_Error_476,NaN
11,test_homography.cpp_switch _418,NaN
11,test_homography.cpp_CV_Error_348,NaN
11,test_homography.cpp_switch _315,NaN
11,test_homography.cpp_sqrt_285,NaN
11,ap3p.h_extract_points_18,0
11,test_homography.cpp_run_250,NaN
11,test_homography.cpp_check_ransac_mask_1_128,0
11,rho.cpp_sacTRInv8x8_2481,0
11,homography_decomp.cpp_decomposeHomography_154,0
11,rho.cpp_if_2442,NaN
11,rho.cpp_for_2439,NaN
11,p3p.cpp_solve_for_lengths_207,0
11,rho.cpp_for_2430,NaN
11,rho.cpp_for_2428,NaN
11,p3p.cpp_jacobi_4x4_371,0
11,rho.cpp_for_2426,NaN
11,rho.cpp_sacChol8x8Damped_2420,0
11,rho.cpp_sacLMGain_2378,0
11,rho.cpp_if_2364,NaN
11,rho.cpp_if_2316,NaN
11,rho.cpp_if_2304,NaN
11,homography_decomp.cpp_removeScale_122,0
11,homography_decomp.cpp_findRmatFrom_tstar_n_295,0
11,test_homography_decomp.cpp_containsValidMotion_110,0
11,homography_decomp.cpp_for _467,NaN
11,posit.cpp_icvCreatePOSITObject_58,0
11,posit.cpp_icvPOSIT_116,0
11,posit.cpp_icvPseudoInverse3D_271,0
11,posit.cpp_cvCreatePOSITObject_338,0
11,posit.cpp_cvPOSIT_349,0
11,posit.cpp_cvReleasePOSITObject_356,0
11,test_homography_decomp.cpp_run_63,NaN
11,test_homography_decomp.cpp_CV_HomographyDecompTest_57,NaN
11,calibration.cpp_cvReprojectImageTo3D_2842,0
11,homography_decomp.cpp_for _474,NaN
11,homography_decomp.cpp_if _472,NaN
11,ap3p.cpp_solveQuartic_12,0
11,homography_decomp.cpp_if _465,NaN
11,homography_decomp.cpp_decompose_306,0
11,ap3p.cpp_polishQuarticRoots_58,0
11,homography_decomp.cpp_for _460,NaN
11,ap3p.cpp_mat_mult_105,0
11,ap3p.cpp_ap3p_128,0
11,ap3p.cpp_computePoses_153,0
11,homography_decomp.cpp_if _458,NaN
11,homography_decomp.cpp_decomposeHomographyMat_440,0
11,ap3p.cpp_vect_divide_167,0
11,homography_decomp.cpp_switch _361,NaN
11,homography_decomp.cpp_if_351,NaN
11,ap3p.cpp_vect_cross_230,0
11,homography_decomp.cpp_if_317,NaN
11,calibration.cpp_reprojectImageTo3D_2740,0
